school,dist.n,schoolyr,absences_all,absences_ill,student_days,absence_rate_all,absence_rate_ill
ACORN Woodland Elementary,1,2011-12,1132,613,29324,0.038603191924703316,0.020904378665939163
ACORN Woodland Elementary,1,2012-13,1065,673,30663,0.03473241365815478,0.021948276424355085
ACORN Woodland Elementary,1,2013-14,881,504,22816,0.038613253856942496,0.02208976157082749
ACORN Woodland Elementary,1,2014-15,1650,1081,36032,0.045792628774422736,0.030001110124333926
ACORN Woodland Elementary,1,2015-16,648,458,16320,0.039705882352941174,0.02806372549019608
ACORN Woodland Elementary,1,2016-17,867,560,19315,0.04488739321770645,0.028993010613512813
Allendale Elementary,1,2011-12,3040,757,53079,0.05727312119670679,0.01426176077167995
Allendale Elementary,1,2012-13,2472,817,49570,0.04986887230179544,0.016481742989711518
Allendale Elementary,1,2013-14,1377,1021,31288,0.044010483252365125,0.03263231909997443
Allendale Elementary,1,2014-15,2959,1227,46328,0.06387066137109308,0.026485063028837852
Allendale Elementary,1,2015-16,1187,775,20139,0.058940364466954664,0.03848254630319281
Allendale Elementary,1,2016-17,1620,867,23481,0.0689919509390571,0.03692347003960649
Bayview Elementary,0,2011-12,4906,2201,73450,0.06679373723621511,0.029965963240299525
Bayview Elementary,0,2012-13,4217,1487,69136,0.060995718583661186,0.021508331404767416
Bayview Elementary,0,2013-14,3007,1497,49896,0.060265351932018596,0.030002405002405003
Bayview Elementary,0,2014-15,5286,2008,70210,0.07528842045292693,0.02859991454208802
Bayview Elementary,0,2015-16,1985,753,29260,0.06784005468215995,0.025734791524265208
Bayview Elementary,0,2016-17,2501,1011,32000,0.07815625,0.03159375
Bella Vista Elementary,1,2011-12,3311,1549,74028,0.0447263197708975,0.02092451504836008
Bella Vista Elementary,1,2012-13,3082,1663,61066,0.05046998329676088,0.027232830052729834
Bella Vista Elementary,1,2013-14,1832,638,40516,0.04521670451179781,0.015746865435877184
Bella Vista Elementary,1,2014-15,3353,1756,57878,0.057932202218459516,0.030339680016586615
Bella Vista Elementary,1,2015-16,1338,820,25020,0.05347721822541966,0.032773780975219824
Bella Vista Elementary,1,2016-17,1590,791,27739,0.057320018746169654,0.028515808068063017
Bridges Academy,1,2011-12,1962,1804,51720,0.03793503480278422,0.034880123743232794
Bridges Academy,1,2012-13,1546,1091,44444,0.03478534785347853,0.024547745477454773
Bridges Academy,1,2013-14,1161,529,29931,0.03878921519494838,0.01767398349537269
Bridges Academy,1,2014-15,2532,1226,49624,0.051023698210543283,0.024705787522166695
Bridges Academy,1,2015-16,1376,568,24733,0.05563417296729067,0.022965269073707193
Bridges Academy,1,2016-17,1240,120,26876,0.04613781812769757,0.004464950141390088
Brookfield Village Elementary,1,2011-12,2606,1064,48907,0.05328480585601243,0.021755576911280595
Brookfield Village Elementary,1,2012-13,2390,1002,42696,0.05597714071575792,0.02346824058459809
Brookfield Village Elementary,1,2013-14,1773,804,29375,0.060357446808510636,0.027370212765957448
Brookfield Village Elementary,1,2014-15,3060,1704,42194,0.072522159548751,0.040384888846755465
Brookfield Village Elementary,1,2015-16,1306,768,19731,0.06619025898332573,0.03892352136232325
Brookfield Village Elementary,1,2016-17,1427,591,20547,0.06945052805762399,0.02876332311286319
Burckhalter Elementary,1,2011-12,1589,706,24794,0.06408808582721626,0.02847463095910301
Burckhalter Elementary,1,2012-13,2119,988,35102,0.0603669306592217,0.028146544356446927
Burckhalter Elementary,1,2013-14,1488,571,23811,0.06249212548821973,0.023980513208181092
Burckhalter Elementary,1,2014-15,2135,912,31848,0.06703717658879678,0.028636021100226075
Burckhalter Elementary,1,2015-16,1002,453,14552,0.0688565145684442,0.031129741616272678
Burckhalter Elementary,1,2016-17,1032,524,15561,0.06631964526701369,0.033673928410770514
Carl Munck Elementary,1,2011-12,2275,1397,43863,0.051866037434739984,0.03184916672366231
Carl Munck Elementary,1,2012-13,2017,1462,37042,0.05445170347173479,0.03946871119270018
Carl Munck Elementary,1,2013-14,1286,903,24030,0.053516437786100705,0.037578027465667914
Carl Munck Elementary,1,2014-15,2071,1470,32879,0.06298853371452903,0.044709388971684055
Carl Munck Elementary,1,2015-16,990,667,12680,0.07807570977917981,0.052602523659306
Carl Munck Elementary,1,2016-17,813,543,13612,0.059726711724948575,0.03989127240669997
Chabot Elementary,1,2011-12,2403,1296,74190,0.03238980994743227,0.017468661544682573
Chabot Elementary,1,2012-13,2186,1445,66752,0.032748082454458295,0.02164729146692234
Chabot Elementary,1,2013-14,1449,864,47495,0.030508474576271188,0.018191388567217602
Chabot Elementary,1,2014-15,2338,1566,67165,0.0348097967691506,0.02331571503014963
Chabot Elementary,1,2015-16,1112,655,30958,0.0359196330512307,0.021157697525679954
Chabot Elementary,1,2016-17,1195,823,35767,0.033410685827718285,0.02301003718511477
Chavez Elementary,0,2011-12,5006,1832,77870,0.06428663156542956,0.023526390137408502
Chavez Elementary,0,2012-13,3996,1630,72036,0.05547226386806597,0.02262757510133822
Chavez Elementary,0,2013-14,2806,1073,48357,0.05802675931095808,0.02218913497528796
Chavez Elementary,0,2014-15,3613,1371,64428,0.05607810268827218,0.02127956788973738
Chavez Elementary,0,2015-16,1710,748,27060,0.06319290465631928,0.027642276422764227
Chavez Elementary,0,2016-17,2304,1032,30272,0.07610993657505286,0.03409090909090909
Cleveland Elementary,1,2011-12,1732,1218,47378,0.03655705179619233,0.025708134577229938
Cleveland Elementary,1,2012-13,1301,931,41718,0.031185579366220816,0.0223165060645285
Cleveland Elementary,1,2013-14,1061,783,31539,0.033640889057991695,0.024826405402834584
Cleveland Elementary,1,2014-15,1641,1272,47001,0.03491415076274973,0.027063253973319715
Cleveland Elementary,1,2015-16,960,738,22318,0.043014607043641906,0.03306747916479971
Cleveland Elementary,1,2016-17,1011,804,25938,0.03897756187832524,0.0309969928290539
Collins Elementary,0,2011-12,2439,0,39780,0.06131221719457013,0
Collins Elementary,0,2012-13,1866,27,36540,0.05106732348111658,7.389162561576355e-4
Collins Elementary,0,2013-14,1397,0,24624,0.056733268356075374,0
Collins Elementary,0,2014-15,2056,1181,38586,0.05328357435339242,0.030606955890737572
Collins Elementary,0,2015-16,863,554,16775,0.05144560357675112,0.033025335320417286
Collins Elementary,0,2016-17,1031,602,18752,0.05498080204778157,0.03210324232081911
Community United Elementary School,1,2011-12,2907,1373,44862,0.06479871606259195,0.0306049663412242
Community United Elementary School,1,2012-13,2741,1156,45902,0.0597141736743497,0.025184087839309834
Community United Elementary School,1,2013-14,2195,831,33893,0.06476263535243265,0.024518337119759242
Community United Elementary School,1,2014-15,3313,1817,51603,0.06420169369997869,0.03521113113578668
Community United Elementary School,1,2015-16,1249,687,22243,0.056152497414917055,0.03088612147641955
Community United Elementary School,1,2016-17,1322,820,23889,0.0553392774917326,0.03432542174222446
Coronado Elementary,0,2011-12,2847,1132,53820,0.05289855072463768,0.02103307320698625
Coronado Elementary,0,2012-13,2830,1172,48488,0.05836495627784194,0.024170928889622176
Coronado Elementary,0,2013-14,1884,688,34101,0.055247646696577814,0.020175361426351134
Coronado Elementary,0,2014-15,2826,1191,45430,0.06220559101915034,0.0262161567246313
Coronado Elementary,0,2015-16,1202,603,20790,0.057816257816257814,0.029004329004329005
Coronado Elementary,0,2016-17,1528,642,24896,0.06137532133676093,0.025787275064267354
Crocker Highlands Elementary,1,2011-12,1109,1029,51621,0.021483504775188393,0.01993374789329924
Crocker Highlands Elementary,1,2012-13,1005,882,48500,0.020721649484536083,0.018185567010309277
Crocker Highlands Elementary,1,2013-14,821,561,34732,0.02363814349879074,0.016152251525970288
Crocker Highlands Elementary,1,2014-15,1481,984,49650,0.029828801611278953,0.019818731117824773
Crocker Highlands Elementary,1,2015-16,757,539,24169,0.031321113823492903,0.022301295047374735
Crocker Highlands Elementary,1,2016-17,860,665,29260,0.02939166097060834,0.022727272727272728
Dover Elementary,0,2011-12,4114,1634,82160,0.0500730282375852,0.01988802336903603
Dover Elementary,0,2012-13,3427,1672,80156,0.04275412944757723,0.020859324317580717
Dover Elementary,0,2013-14,2560,1198,55566,0.04607133858834539,0.021559946730014757
Dover Elementary,0,2014-15,4157,1769,80004,0.051959902004899756,0.022111394430278486
Dover Elementary,0,2015-16,1826,743,34430,0.053035143769968054,0.021580017426662795
Dover Elementary,0,2016-17,2344,917,39872,0.05878812199036918,0.022998595505617978
Downer Elementary,0,2011-12,4299,2470,76050,0.05652859960552268,0.03247863247863248
Downer Elementary,0,2012-13,3619,1869,64728,0.05591088864170066,0.028874675565443084
Downer Elementary,0,2013-14,3098,1192,47871,0.06471558981429258,0.02490025276263291
Downer Elementary,0,2014-15,4433,1845,67496,0.06567796610169492,0.02733495318241081
Downer Elementary,0,2015-16,1983,878,28930,0.0685447632215693,0.030349118562046317
Downer Elementary,0,2016-17,2437,1041,33920,0.07184551886792453,0.030689858490566036
East Oakland PRIDE Elementary,1,2011-12,3172,1676,58272,0.05443437671609006,0.028761669412410762
East Oakland PRIDE Elementary,1,2012-13,2790,1479,55075,0.050658193372673625,0.026854289605083976
East Oakland PRIDE Elementary,1,2013-14,1526,947,37355,0.04085129166108955,0.0253513585865346
East Oakland PRIDE Elementary,1,2014-15,2638,1646,51343,0.05137993494731512,0.032058897999727325
East Oakland PRIDE Elementary,1,2015-16,1444,823,23478,0.06150438708578244,0.03505409319362808
East Oakland PRIDE Elementary,1,2016-17,1603,969,22820,0.07024539877300613,0.04246275197195443
Ellerhorst Elementary,0,2011-12,2183,692,47710,0.045755606791029135,0.014504296793125131
Ellerhorst Elementary,0,2012-13,1859,855,42572,0.04366719909799868,0.02008362303861693
Ellerhorst Elementary,0,2013-14,1293,774,28269,0.045739148891011355,0.02737981534543139
Ellerhorst Elementary,0,2014-15,2124,1210,37406,0.056782334384858045,0.03234775169758862
Ellerhorst Elementary,0,2015-16,862,609,16885,0.05105122890139177,0.03606751554634291
Ellerhorst Elementary,0,2016-17,1140,853,19776,0.05764563106796117,0.04313309061488673
Emerson Elementary,1,2011-12,2064,1434,36490,0.05656344203891477,0.03929843792819951
Emerson Elementary,1,2012-13,1974,1335,37203,0.053060237077655024,0.03588420288686396
Emerson Elementary,1,2013-14,1882,1028,26560,0.07085843373493976,0.038704819277108435
Emerson Elementary,1,2014-15,2592,1712,37019,0.07001809881412248,0.04624652205624139
Emerson Elementary,1,2015-16,1068,667,17123,0.06237224785376394,0.038953454418034224
Emerson Elementary,1,2016-17,1359,955,19184,0.07084028356964137,0.04978106755629692
EnCompass Academy,1,2011-12,1354,771,33308,0.040650894679956764,0.023147592170049237
EnCompass Academy,1,2012-13,1535,905,36106,0.04251370963274802,0.025065086135268377
EnCompass Academy,1,2013-14,1130,630,24158,0.046775395314181636,0.026078317741534896
EnCompass Academy,1,2014-15,2118,1254,37597,0.05633428199058436,0.033353725031252494
EnCompass Academy,1,2015-16,953,494,18255,0.05220487537660915,0.02706107915639551
EnCompass Academy,1,2016-17,1074,643,19166,0.05603673171240739,0.03354899300845247
Esperanza Elementary,1,2011-12,1353,721,41416,0.03266853389994205,0.017408730925246283
Esperanza Elementary,1,2012-13,1368,872,37645,0.03633948731571258,0.023163766768495152
Esperanza Elementary,1,2013-14,1076,567,27802,0.038702251636572906,0.020394216243435723
Esperanza Elementary,1,2014-15,1944,1068,39464,0.0492600851408879,0.027062639367524833
Esperanza Elementary,1,2015-16,817,539,18870,0.04329623741388447,0.02856385797562268
Esperanza Elementary,1,2016-17,1006,619,20448,0.04919796557120501,0.03027190923317684
Fairmont Elementary,0,2011-12,3083,1277,63440,0.04859709962168979,0.020129255989911728
Fairmont Elementary,0,2012-13,2856,1427,62060,0.04601998066387367,0.022993876893329036
Fairmont Elementary,0,2013-14,1854,969,40419,0.04586951681140058,0.023973873673272472
Fairmont Elementary,0,2014-15,3111,1381,58292,0.053369244493240924,0.023691072531393673
Fairmont Elementary,0,2015-16,1335,736,25905,0.05153445280833816,0.028411503570739238
Fairmont Elementary,0,2016-17,1547,742,30144,0.05132032908704883,0.024615180467091297
Ford Elementary,0,2011-12,2332,973,43810,0.05322985619721525,0.022209541200639123
Ford Elementary,0,2012-13,3008,1383,51272,0.05866749882977063,0.026973786862224996
Ford Elementary,0,2013-14,1798,840,33939,0.052977400630543035,0.024750287280120215
Ford Elementary,0,2014-15,2939,1525,49678,0.0591609968195177,0.03069769314384637
Ford Elementary,0,2015-16,1700,633,23705,0.07171482809533854,0.02670322716726429
Ford Elementary,0,2016-17,1884,970,26944,0.06992280285035629,0.03600059382422803
Franklin Elementary,1,2011-12,3201,1116,103118,0.031042107100603192,0.010822552803584243
Franklin Elementary,1,2012-13,2842,1104,89850,0.03163049526989427,0.012287145242070117
Franklin Elementary,1,2013-14,2272,714,62090,0.036592043807376386,0.011499436302142051
Franklin Elementary,1,2014-15,3833,1777,87471,0.04382023756444993,0.020315304500920305
Franklin Elementary,1,2015-16,1738,770,41419,0.04196141867258987,0.018590501943552475
Franklin Elementary,1,2016-17,1970,892,44553,0.04421699997755482,0.020021098466994368
Fred T. Korematsu Discovery Academy,1,2011-12,2324,2068,48800,0.04762295081967213,0.04237704918032787
Fred T. Korematsu Discovery Academy,1,2012-13,2574,2237,46937,0.05483946566674479,0.04765962886422226
Fred T. Korematsu Discovery Academy,1,2013-14,1406,1315,33061,0.04252744926045794,0.039774961434923324
Fred T. Korematsu Discovery Academy,1,2014-15,2314,2044,51574,0.04486756893008105,0.039632372901074187
Fred T. Korematsu Discovery Academy,1,2015-16,1142,1067,22684,0.05034385469934756,0.04703755951331335
Fred T. Korematsu Discovery Academy,1,2016-17,1571,661,24010,0.06543107038733861,0.027530195751770094
Fruitvale Elementary,1,2011-12,3238,2299,62286,0.05198600006421989,0.03691038114504062
Fruitvale Elementary,1,2012-13,2554,1643,50793,0.05028251924477782,0.03234697694564211
Fruitvale Elementary,1,2013-14,1633,970,35845,0.045557260426837776,0.02706095689775422
Fruitvale Elementary,1,2014-15,3203,1401,45866,0.06983386386430035,0.03054550211485632
Fruitvale Elementary,1,2015-16,1439,487,20779,0.06925261080898984,0.023437124019442708
Fruitvale Elementary,1,2016-17,1486,562,23141,0.06421502960114084,0.024285899485761202
Futures Elementary,1,2011-12,2213,1186,42109,0.052554085824883044,0.028165000356218387
Futures Elementary,1,2012-13,2825,1032,38180,0.07399161864850708,0.027029858564693556
Futures Elementary,1,2013-14,2137,514,28669,0.07454044438243398,0.01792877323938749
Futures Elementary,1,2014-15,3469,1495,38854,0.08928295670973388,0.03847737684665672
Futures Elementary,1,2015-16,1336,608,17494,0.07636904081399337,0.03475477306505088
Futures Elementary,1,2016-17,1567,788,18336,0.08546029668411867,0.042975567190226875
Garfield Elementary,1,2011-12,2926,1064,72167,0.040544847367910544,0.014743580861058378
Garfield Elementary,1,2012-13,2798,406,66511,0.04206822931545158,0.006104253431763167
Garfield Elementary,1,2013-14,1731,330,47767,0.03623840726861641,0.006908535181192037
Garfield Elementary,1,2014-15,2642,1071,68957,0.03831373174587061,0.015531418130139071
Garfield Elementary,1,2015-16,1211,460,33494,0.03615572938436735,0.013733803069206425
Garfield Elementary,1,2016-17,1630,681,37222,0.043791306216753534,0.018295631615711138
Glenview Elementary,1,2011-12,1857,1350,59903,0.031000116855583192,0.02253643390147405
Glenview Elementary,1,2012-13,1466,1085,54315,0.026990702384240083,0.01997606554358833
Glenview Elementary,1,2013-14,1034,761,36955,0.027979975646056015,0.020592612636990935
Glenview Elementary,1,2014-15,2078,1629,54143,0.038379845963467114,0.030086991854902757
Glenview Elementary,1,2015-16,1097,936,24659,0.044486799951336226,0.037957743623017966
Glenview Elementary,1,2016-17,1115,915,26602,0.041914141793850085,0.03439591008194873
Global Family School,1,2011-12,1728,1168,46754,0.03695940454292681,0.024981819737348678
Global Family School,1,2012-13,1642,1006,47913,0.03427044852127815,0.0209963892889195
Global Family School,1,2013-14,1402,839,34545,0.04058474453611232,0.02428716167317991
Global Family School,1,2014-15,2087,1346,50776,0.04110209547817867,0.026508586733890026
Global Family School,1,2015-16,905,621,24591,0.03680208206254321,0.02525314139319263
Global Family School,1,2016-17,1221,779,27772,0.04396514475010802,0.028049834365548035
Grant Elementary,0,2011-12,4718,1806,70070,0.06733266733266734,0.025774225774225775
Grant Elementary,0,2012-13,3292,1444,62060,0.05304543989687399,0.023267805349661618
Grant Elementary,0,2013-14,2624,862,41310,0.063519728879206,0.020866618252239167
Grant Elementary,0,2014-15,4167,1618,61478,0.06778034418816488,0.026318357786525262
Grant Elementary,0,2015-16,1688,989,24585,0.06865975188122839,0.04022778116737848
Grant Elementary,0,2016-17,2155,1164,27904,0.07722907110091744,0.04171444954128441
Grass Valley Elementary,1,2011-12,1027,74,31184,0.03293355566957414,0.0023730118009235505
Grass Valley Elementary,1,2012-13,1431,1123,30434,0.047019780508641654,0.03689952027337846
Grass Valley Elementary,1,2013-14,1186,1005,22327,0.053119541362475924,0.04501276481390245
Grass Valley Elementary,1,2014-15,1682,1417,34513,0.048735259177701155,0.04105699301712398
Grass Valley Elementary,1,2015-16,754,552,15546,0.048501222179338735,0.03550752605171748
Grass Valley Elementary,1,2016-17,809,579,16597,0.04874374887027776,0.03488582273904923
Hanna Ranch Elementary,0,2011-12,2608,1490,61490,0.04241340055293544,0.024231582371117256
Hanna Ranch Elementary,0,2012-13,1947,1383,55796,0.034894974550146965,0.02478672306258513
Hanna Ranch Elementary,0,2013-14,1419,1259,39528,0.03589860352155434,0.031850839910949204
Hanna Ranch Elementary,0,2014-15,2251,1950,55932,0.04024529786168919,0.03486376314095688
Hanna Ranch Elementary,0,2015-16,971,824,25740,0.03772338772338772,0.032012432012432014
Hanna Ranch Elementary,0,2016-17,1318,1168,30720,0.04290364583333333,0.03802083333333333
Harding Elementary,0,2011-12,1875,821,40430,0.0463764531288647,0.02030670294335889
Harding Elementary,0,2012-13,1340,783,33060,0.04053236539624924,0.02368421052631579
Harding Elementary,0,2013-14,1091,648,26163,0.041700110843557694,0.02476780185758514
Harding Elementary,0,2014-15,1613,1081,37052,0.043533412501349456,0.0291752132138616
Harding Elementary,0,2015-16,788,465,17655,0.044633248371566125,0.026338147833474938
Harding Elementary,0,2016-17,1132,731,22848,0.049544817927170866,0.031994047619047616
Highland Elementary,0,2011-12,2918,1351,53170,0.0548805717509874,0.025409065262365995
Highland Elementary,0,2012-13,2967,1610,52896,0.05609119782214156,0.030437084089534182
Highland Elementary,0,2013-14,1840,883,36936,0.049815897769114145,0.023906216157678146
Highland Elementary,0,2014-15,2684,1654,50268,0.0533938091827803,0.03290363650831543
Highland Elementary,0,2015-16,1331,754,23320,0.05707547169811321,0.0323327615780446
Highland Elementary,0,2016-17,1590,1008,27136,0.05859375,0.03714622641509434
Hoover Elementary,1,2011-12,2570,1153,41811,0.061467078041663674,0.027576475090287246
Hoover Elementary,1,2012-13,2312,665,36385,0.06354266868214924,0.018276762402088774
Hoover Elementary,1,2013-14,1507,593,24095,0.06254409628553642,0.02461091512761984
Hoover Elementary,1,2014-15,2599,1158,36844,0.07054065790902182,0.03142981218108783
Hoover Elementary,1,2015-16,1197,665,16100,0.07434782608695652,0.041304347826086954
Hoover Elementary,1,2016-17,1177,758,17281,0.06810948440483769,0.04386320236097448
Horace Mann Elementary,1,2011-12,2309,662,42321,0.05455920228728055,0.01564235249639659
Horace Mann Elementary,1,2012-13,2165,687,41194,0.05255619750449095,0.016677185997960867
Horace Mann Elementary,1,2013-14,1756,740,29773,0.058979612400497095,0.024854734155106976
Horace Mann Elementary,1,2014-15,3237,1326,46820,0.06913712088850918,0.02832123024348569
Horace Mann Elementary,1,2015-16,1692,682,22020,0.0768392370572207,0.030971843778383287
Horace Mann Elementary,1,2016-17,1583,965,23568,0.0671673455532926,0.04094534962661236
Howard Elementary,1,2011-12,1522,1079,23422,0.06498164119204167,0.04606779950473913
Howard Elementary,1,2012-13,1119,837,23939,0.04674380717657379,0.0349638664940056
Howard Elementary,1,2013-14,846,536,16429,0.05149430884411711,0.03262523586341226
Howard Elementary,1,2014-15,2008,999,28454,0.07057004287622128,0.035109299219793354
Howard Elementary,1,2015-16,988,519,12011,0.08225793023062193,0.04321039047539755
Howard Elementary,1,2016-17,1018,620,13211,0.07705699795624858,0.04693058814624177
International Community School,1,2011-12,1523,1272,44272,0.03440097578604987,0.028731478135164436
International Community School,1,2012-13,1903,1671,40712,0.04674297504421301,0.041044409510709375
International Community School,1,2013-14,1192,1033,28195,0.04227699946799078,0.036637701720163146
International Community School,1,2014-15,1707,947,39965,0.04271237332666083,0.023695733767046166
International Community School,1,2015-16,770,371,17749,0.0433827257873683,0.020902586061186546
International Community School,1,2016-17,812,309,19549,0.041536651491124864,0.015806435111770423
Joaquin Miller Elementary,1,2011-12,1587,1372,51756,0.030663111523301645,0.02650900378700054
Joaquin Miller Elementary,1,2012-13,1492,1139,48929,0.03049316356353083,0.023278628216395186
Joaquin Miller Elementary,1,2013-14,1168,799,34026,0.034326691353670724,0.023482043143478515
Joaquin Miller Elementary,1,2014-15,2086,1237,48932,0.04263058938935666,0.02527998038093681
Joaquin Miller Elementary,1,2015-16,866,560,23943,0.036169235267092675,0.023388881927912126
Joaquin Miller Elementary,1,2016-17,1128,689,27970,0.040328923846978906,0.024633535931355022
Kaiser Elementary,1,2011-12,1537,771,36206,0.04245152737115395,0.0212948130144175
Kaiser Elementary,1,2012-13,1066,756,31378,0.03397284721779591,0.024093313786729555
Kaiser Elementary,1,2013-14,857,577,22686,0.037776602309794585,0.025434188486291105
Kaiser Elementary,1,2014-15,1587,1111,32458,0.04889395526526588,0.034228849590239696
Kaiser Elementary,1,2015-16,784,656,14625,0.053606837606837605,0.044854700854700856
Kaiser Elementary,1,2016-17,843,578,17117,0.049249284337208626,0.03376759946252264
Kensington Elementary,0,2011-12,2178,1577,65000,0.03350769230769231,0.024261538461538463
Kensington Elementary,0,2012-13,1711,1292,57652,0.029678068410462777,0.02241032401304378
Kensington Elementary,0,2013-14,1173,877,37746,0.031076140518200603,0.023234249986753563
Kensington Elementary,0,2014-15,1976,1521,54162,0.036483143163103283,0.028082419408441344
Kensington Elementary,0,2015-16,965,776,24750,0.03898989898989899,0.031353535353535356
Kensington Elementary,0,2016-17,869,673,27776,0.031286002304147464,0.024229550691244238
King Elementary,0,2011-12,4044,1432,53690,0.07532128888061092,0.026671633451294467
King Elementary,0,2012-13,3582,1599,52548,0.0681662480018269,0.03042932176295958
King Elementary,0,2013-14,2348,1369,35802,0.06558292832802637,0.0382380872576951
King Elementary,0,2014-15,3453,2291,47554,0.07261218824914834,0.048176809521806786
King Elementary,0,2015-16,1729,1400,23045,0.07502712085050987,0.060750705142113254
King Elementary,0,2016-17,2525,1524,25280,0.09988132911392406,0.06028481012658228
La Escuelita Elementary,1,2011-12,1393,1072,32775,0.04250190694126621,0.03270785659801678
La Escuelita Elementary,1,2012-13,1496,1173,33610,0.04451056233263909,0.03490032728354656
La Escuelita Elementary,1,2013-14,1051,762,24621,0.042687136996872585,0.030949189716096014
La Escuelita Elementary,1,2014-15,1724,1310,36314,0.04747480310624002,0.03607424133942832
La Escuelita Elementary,1,2015-16,763,531,16525,0.04617246596066566,0.032133131618759456
La Escuelita Elementary,1,2016-17,935,609,19027,0.0491406948021233,0.032007147737425766
Lafayette Elementary,1,2011-12,2935,643,39545,0.07421924389935516,0.016259957011000126
Lafayette Elementary,1,2012-13,2550,610,34305,0.07433318758198514,0.017781664480396444
Lafayette Elementary,1,2013-14,1712,557,22514,0.07604157413165141,0.024740161677178643
Lafayette Elementary,1,2014-15,1973,1344,28204,0.06995461636647284,0.04765281520351723
Lafayette Elementary,1,2015-16,761,470,11548,0.06589885694492553,0.040699688257706965
Lafayette Elementary,1,2016-17,1041,67,10535,0.09881347887992406,0.006359753203607025
Lake Elementary,0,2011-12,2715,1295,46150,0.05882990249187432,0.028060671722643555
Lake Elementary,0,2012-13,2005,1044,40948,0.04896454039269317,0.025495750708215296
Lake Elementary,0,2013-14,1592,754,29889,0.05326374251396835,0.025226672019806617
Lake Elementary,0,2014-15,2574,1208,44958,0.057253436540771384,0.026869522665599003
Lake Elementary,0,2015-16,1258,754,19910,0.06318432948267202,0.03787041687594174
Lake Elementary,0,2016-17,1458,863,22784,0.06399227528089887,0.03787745786516854
Laurel Elementary,1,2011-12,2994,1979,66415,0.04508017767070692,0.029797485507791915
Laurel Elementary,1,2012-13,2444,1708,62056,0.039383782390099265,0.027523527136779684
Laurel Elementary,1,2013-14,2140,1419,44340,0.04826341903473162,0.03200270635994587
Laurel Elementary,1,2014-15,3989,2009,64913,0.061451481213316284,0.03094911650979003
Laurel Elementary,1,2015-16,1592,1237,30049,0.052980132450331126,0.041166095377550005
Laurel Elementary,1,2016-17,1481,1258,30726,0.04820022131094187,0.04094252424656643
Lincoln Elementary,0,2011-12,3138,1427,48750,0.06436923076923078,0.029271794871794873
Lincoln Elementary,0,2012-13,2598,1153,46748,0.05557457003508171,0.024664156755369215
Lincoln Elementary,0,2013-14,1914,927,33291,0.057493016130485713,0.02784536361178697
Lincoln Elementary,0,2014-15,3841,2041,48026,0.07997751218090202,0.042497813684254364
Lincoln Elementary,0,2015-16,1830,963,21175,0.08642266824085006,0.045478158205430934
Lincoln Elementary,0,2016-17,2050,935,24640,0.08319805194805195,0.03794642857142857
Lincoln Elementary,1,2011-12,1104,838,88594,0.012461340497099127,0.009458879833848794
Lincoln Elementary,1,2012-13,1339,1167,81027,0.016525355745615658,0.01440260653856122
Lincoln Elementary,1,2013-14,1294,1106,60248,0.02147789138228655,0.01835745584915682
Lincoln Elementary,1,2014-15,1816,1445,86689,0.02094844789996424,0.016668781506304145
Lincoln Elementary,1,2015-16,667,529,40610,0.01642452597882295,0.013026348190100961
Lincoln Elementary,1,2016-17,852,699,45584,0.018690768690768692,0.015334327834327834
Lupine Hills Elementary,0,2011-12,2659,1297,52910,0.050255150255150254,0.024513324513324514
Lupine Hills Elementary,0,2012-13,2216,1265,48488,0.04570202936809108,0.026088929219600727
Lupine Hills Elementary,0,2013-14,1469,683,32319,0.045453139020390484,0.021133079612611776
Lupine Hills Elementary,0,2014-15,2802,1603,48380,0.05791649441918148,0.03313352625051674
Lupine Hills Elementary,0,2015-16,1220,648,21120,0.05776515151515151,0.03068181818181818
Lupine Hills Elementary,0,2016-17,1361,775,24384,0.05581528871391076,0.03178313648293963
Madera Elementary,0,2011-12,2073,1504,61880,0.03350032320620556,0.024305106658047835
Madera Elementary,0,2012-13,1765,1240,57652,0.03061472281967668,0.021508360507874837
Madera Elementary,0,2013-14,1428,819,38637,0.03695939125708518,0.021197297926857674
Madera Elementary,0,2014-15,1900,1193,52864,0.03594128329297821,0.022567342615012108
Madera Elementary,0,2015-16,822,580,23540,0.03491928632115548,0.02463891248937978
Madera Elementary,0,2016-17,891,618,27072,0.03291223404255319,0.022828014184397165
Madison Park Lower Campus,1,2011-12,1708,633,31788,0.053730967660752485,0.019913174782936957
Madison Park Lower Campus,1,2012-13,1421,326,26008,0.05463703475853583,0.012534604737003999
Madison Park Lower Campus,1,2013-14,1116,486,19913,0.05604379048862552,0.024406166825691758
Madison Park Lower Campus,1,2014-15,2128,1549,32064,0.06636726546906188,0.04830963073852296
Madison Park Lower Campus,1,2015-16,1063,290,15451,0.06879813604297456,0.01876901171445214
Madison Park Lower Campus,1,2016-17,1187,495,17400,0.0682183908045977,0.028448275862068967
Manzanita Community School,1,2011-12,2213,1288,40906,0.05409964308414413,0.0314868234488828
Manzanita Community School,1,2012-13,2107,675,39355,0.05353830517088045,0.017151569050946513
Manzanita Community School,1,2013-14,1486,344,26951,0.055137100664168305,0.01276390486438351
Manzanita Community School,1,2014-15,2588,863,40316,0.06419287627740847,0.021405893441809702
Manzanita Community School,1,2015-16,1454,393,22488,0.06465670579864817,0.01747598719316969
Manzanita Community School,1,2016-17,1891,660,26931,0.07021647915042145,0.024507073632616685
Manzanita SEED Elementary,1,2011-12,1602,777,35344,0.04532593933906745,0.02198392937980987
Manzanita SEED Elementary,1,2012-13,1698,874,39712,0.042757856567284445,0.022008460918614022
Manzanita SEED Elementary,1,2013-14,1387,537,30076,0.04611650485436893,0.017854767921266126
Manzanita SEED Elementary,1,2014-15,2857,1606,48497,0.05891086046559581,0.03311545044023342
Manzanita SEED Elementary,1,2015-16,1265,752,23821,0.05310440367742748,0.03156878384618614
Manzanita SEED Elementary,1,2016-17,1507,981,25793,0.058426704919939516,0.03803357500096925
Markham Elementary,1,2011-12,3449,1869,46532,0.07412103498667584,0.040165907332588326
Markham Elementary,1,2012-13,2551,1770,41537,0.061415123865469344,0.042612610443700794
Markham Elementary,1,2013-14,1758,1104,27145,0.06476330815988211,0.04067047338368024
Markham Elementary,1,2014-15,3200,1385,44951,0.07118862761673822,0.030811327890369514
Markham Elementary,1,2015-16,1503,575,21962,0.068436390128403607,0.026181586376468446
Markham Elementary,1,2016-17,1921,673,22182,0.08660174916599045,0.03033991524659634
Martin Luther King Jr Elementary,1,2011-12,2892,1498,37826,0.07645534817321419,0.039602389890551475
Martin Luther King Jr Elementary,1,2012-13,2784,1054,38756,0.07183403860047477,0.027195789039116524
Martin Luther King Jr Elementary,1,2013-14,1894,1051,25373,0.07464627753911639,0.041421983998738816
Martin Luther King Jr Elementary,1,2014-15,3513,2058,38017,0.09240602888181602,0.0541336770392193
Martin Luther King Jr Elementary,1,2015-16,1476,890,17375,0.08494964028776979,0.05122302158273381
Martin Luther King Jr Elementary,1,2016-17,1890,969,19284,0.09800871188550093,0.050248911014312385
Montalvin Elementary,0,2011-12,2577,26,47190,0.05460902733630006,5.509641873278236e-4
Montalvin Elementary,0,2012-13,1896,78,40020,0.04737631184407796,0.0019490254872563718
Montalvin Elementary,0,2013-14,1535,1441,29403,0.05220555725606231,0.04900860456416012
Montalvin Elementary,0,2014-15,2575,2346,43424,0.05929900515843773,0.05402542372881356
Montalvin Elementary,0,2015-16,1238,1215,21560,0.057421150278293136,0.056354359925788494
Montalvin Elementary,0,2016-17,1409,1296,24192,0.05824239417989418,0.05357142857142857
Montclair Elementary,1,2011-12,1847,1325,59781,0.03089610411334705,0.02216423278299125
Montclair Elementary,1,2012-13,1808,1371,58317,0.03100296654491829,0.023509439785997222
Montclair Elementary,1,2013-14,1569,1198,45376,0.03457775035260931,0.026401622002820875
Montclair Elementary,1,2014-15,2573,1789,68901,0.03734343478323972,0.02596479006110216
Montclair Elementary,1,2015-16,1228,978,33566,0.03658463921825657,0.02913662634809033
Montclair Elementary,1,2016-17,1323,905,39226,0.03372762963340641,0.023071432213327896
Murphy Elementary,0,2011-12,3606,2004,54990,0.06557555919258047,0.036442989634479
Murphy Elementary,0,2012-13,2708,1738,45820,0.059100829332169355,0.03793103448275862
Murphy Elementary,0,2013-14,2037,1179,33858,0.060163033847244377,0.03482190324295587
Murphy Elementary,0,2014-15,3102,1834,50858,0.06099335404459475,0.03606118997994416
Murphy Elementary,0,2015-16,1402,828,24145,0.05806585214330089,0.03429281424725616
Murphy Elementary,0,2016-17,1682,953,27328,0.061548594847775175,0.03487265807962529
New Highland Academy,1,2011-12,2005,683,38348,0.05228434338166267,0.01781057682278085
New Highland Academy,1,2012-13,1557,1014,34316,0.04537242102809185,0.029548898473015502
New Highland Academy,1,2013-14,1468,708,25609,0.05732359717286891,0.027646530516615253
New Highland Academy,1,2014-15,2373,1203,44100,0.05380952380952381,0.02727891156462585
New Highland Academy,1,2015-16,1069,538,19752,0.05412110166059133,0.027237748076144187
New Highland Academy,1,2016-17,1188,716,22156,0.053619786965156166,0.03231630258169345
Nystrom Elementary,0,2011-12,4047,679,50830,0.07961833562856581,0.013358253000196734
Nystrom Elementary,0,2012-13,3113,1064,43732,0.07118357266989847,0.024330010061282357
Nystrom Elementary,0,2013-14,2734,930,36531,0.07484054638526183,0.025457830335879117
Nystrom Elementary,0,2014-15,4944,1623,54044,0.09148101546887721,0.030031085781955444
Nystrom Elementary,0,2015-16,2142,629,23980,0.08932443703085904,0.0262301918265221
Nystrom Elementary,0,2016-17,2633,1206,28992,0.09081815673289183,0.041597682119205295
Ohlone Elementary,0,2011-12,2651,1545,51870,0.05110854058222479,0.029786003470213998
Ohlone Elementary,0,2012-13,2257,1408,43964,0.05133745792011646,0.032026203257210444
Ohlone Elementary,0,2013-14,1242,647,28593,0.04343720491029273,0.022627915923477775
Ohlone Elementary,0,2014-15,2108,1037,40238,0.05238828967642527,0.025771658631144688
Ohlone Elementary,0,2015-16,1053,696,19360,0.0543904958677686,0.03595041322314049
Ohlone Elementary,0,2016-17,1353,792,22912,0.0590520251396648,0.03456703910614525
Olinda Elementary,0,2011-12,1727,1101,35230,0.049020720976440536,0.0312517740562021
Olinda Elementary,0,2012-13,1559,953,34452,0.04525136421688146,0.027661674213398352
Olinda Elementary,0,2013-14,1415,728,25920,0.05459104938271605,0.02808641975308642
Olinda Elementary,0,2014-15,2015,1086,35518,0.056731797961596934,0.030576045948533137
Olinda Elementary,0,2015-16,824,543,15400,0.05350649350649351,0.03525974025974026
Olinda Elementary,0,2016-17,845,578,18112,0.046654151943462896,0.031912544169611305
Parker Elementary,1,2011-12,1909,1009,22476,0.08493504182238833,0.044892329596013525
Parker Elementary,1,2012-13,1422,844,20697,0.06870560950862444,0.040778856839155435
Parker Elementary,1,2013-14,1245,811,17020,0.07314923619271445,0.047649823736780256
Parker Elementary,1,2014-15,2211,1274,29550,0.07482233502538072,0.04311336717428088
Parker Elementary,1,2015-16,856,347,13514,0.06334171969809087,0.02567707562527749
Parker Elementary,1,2016-17,1183,502,15492,0.07636199328685774,0.03240382132713659
Peralta Elementary,1,2011-12,1093,1052,40053,0.027288842283973734,0.026265198611839312
Peralta Elementary,1,2012-13,1213,1177,38510,0.03149831212672033,0.030563490002596727
Peralta Elementary,1,2013-14,919,860,27033,0.03399548699737358,0.03181296933377724
Peralta Elementary,1,2014-15,1447,1403,38229,0.03785084621622328,0.036699887519945594
Peralta Elementary,1,2015-16,679,661,17593,0.03859489569715228,0.037571761496049565
Peralta Elementary,1,2016-17,740,712,20526,0.03605183669492351,0.034687713144304785
Peres Elementary,0,2011-12,3446,1281,60320,0.05712864721485411,0.021236737400530503
Peres Elementary,0,2012-13,2749,1367,53128,0.05174296039753049,0.025730311700045173
Peres Elementary,0,2013-14,2104,961,39042,0.05389068182982429,0.024614517698888377
Peres Elementary,0,2014-15,3652,1791,55814,0.06543161214032321,0.03208872325939728
Peres Elementary,0,2015-16,1736,911,25685,0.06758808643176951,0.03546817208487444
Peres Elementary,0,2016-17,2219,1196,30400,0.07299342105263158,0.039342105263157894
Piedmont Avenue Elementary,1,2011-12,2784,1853,49124,0.05667290937220096,0.03772086963602313
Piedmont Avenue Elementary,1,2012-13,2043,1309,43778,0.04666727580063045,0.029900863447393667
Piedmont Avenue Elementary,1,2013-14,1625,987,30522,0.053240285695563855,0.032337330450167096
Piedmont Avenue Elementary,1,2014-15,2691,1397,44051,0.06108828403441466,0.03171324147011419
Piedmont Avenue Elementary,1,2015-16,1176,803,19991,0.05882647191236056,0.040168075634035315
Piedmont Avenue Elementary,1,2016-17,1257,840,19611,0.06409668043445005,0.04283310387027688
PLACE @ Prescott,1,2011-12,1678,1601,23539,0.0712859509749777,0.06801478397552997
PLACE @ Prescott,1,2012-13,1191,1114,22657,0.05256653572847244,0.04916802754115726
PLACE @ Prescott,1,2013-14,1173,1117,17497,0.06704006401097332,0.0638395153454878
PLACE @ Prescott,1,2014-15,2108,1803,26619,0.0791915549043916,0.06773357376310155
PLACE @ Prescott,1,2015-16,1035,593,12122,0.08538195017323874,0.04891932024418413
PLACE @ Prescott,1,2016-17,1141,487,12073,0.09450840718959662,0.0403379441729479
Reach Academy,1,2011-12,3606,2152,41293,0.08732714988012497,0.05211537064393481
Reach Academy,1,2012-13,2986,1538,39243,0.07609000331269271,0.03919170297887521
Reach Academy,1,2013-14,2201,936,29913,0.07358004880821048,0.03129074315514994
Reach Academy,1,2014-15,3945,1781,47743,0.08262991433299123,0.03730389795362671
Reach Academy,1,2015-16,1788,953,21045,0.0849607982893799,0.04528391541933951
Reach Academy,1,2016-17,1928,1206,23023,0.08374234461190982,0.05238240020848717
Redwood Heights Elementary,1,2011-12,1543,1015,44554,0.03463213179512502,0.022781343987071868
Redwood Heights Elementary,1,2012-13,1433,915,42827,0.03346020034090644,0.021365026735470614
Redwood Heights Elementary,1,2013-14,999,577,29364,0.03402125051082959,0.019649911456204875
Redwood Heights Elementary,1,2014-15,1882,1033,43980,0.04279217826284675,0.02348794906775807
Redwood Heights Elementary,1,2015-16,959,625,19662,0.04877428542365985,0.03178720374326111
Redwood Heights Elementary,1,2016-17,1024,598,22483,0.04554552328425922,0.026597873949206065
RISE Community School,1,2011-12,3323,1609,44014,0.07549870495751351,0.03655655018857636
RISE Community School,1,2012-13,2535,1246,38317,0.06615862410940314,0.0325182034084088
RISE Community School,1,2013-14,1433,668,24436,0.05864298575871665,0.027336716320183335
RISE Community School,1,2014-15,2472,1025,36058,0.06855621498696544,0.028426424094514395
RISE Community School,1,2015-16,980,566,16359,0.0599058622165169,0.03459869185158017
RISE Community School,1,2016-17,1087,717,15722,0.06913878641394225,0.045604884874697875
Riverside Elementary,0,2011-12,2444,1498,46930,0.0520775623268698,0.031919880673343275
Riverside Elementary,0,2012-13,2006,1086,42108,0.04763940343877648,0.025790823596466228
Riverside Elementary,0,2013-14,1359,721,30780,0.044152046783625734,0.023424301494476933
Riverside Elementary,0,2014-15,2311,1381,42598,0.05425137330391098,0.03241936241138082
Riverside Elementary,0,2015-16,946,513,18810,0.050292397660818715,0.02727272727272727
Riverside Elementary,0,2016-17,1145,739,20224,0.05661590189873418,0.036540743670886076
Sequoia Elementary,1,2011-12,2026,1410,49650,0.04080563947633434,0.0283987915407855
Sequoia Elementary,1,2012-13,2195,1519,46682,0.04702026477014695,0.032539308512917184
Sequoia Elementary,1,2013-14,1517,993,35592,0.0426219375140481,0.027899527983816588
Sequoia Elementary,1,2014-15,2183,1350,50153,0.04352680796761908,0.026917632045939426
Sequoia Elementary,1,2015-16,1105,768,23588,0.046845853823978295,0.032558928268611155
Sequoia Elementary,1,2016-17,1125,722,26466,0.04250736794377692,0.027280284138139498
Shannon Elementary,0,2011-12,2513,1304,32240,0.07794665012406948,0.04044665012406948
Shannon Elementary,0,2012-13,2208,1216,32132,0.06871654425494834,0.03784389393750778
Shannon Elementary,0,2013-14,1467,1110,25029,0.05861201006832075,0.04434855567541652
Shannon Elementary,0,2014-15,2236,1354,35754,0.06253845723555407,0.03786988868378363
Shannon Elementary,0,2015-16,1093,568,16665,0.06558655865586559,0.034083408340834086
Shannon Elementary,0,2016-17,1328,718,18304,0.07255244755244755,0.0392263986013986
Sheldon Elementary,0,2011-12,2836,931,47840,0.0592809364548495,0.019460702341137125
Sheldon Elementary,0,2012-13,2218,856,40484,0.05478707637585219,0.021144155715838355
Sheldon Elementary,0,2013-14,1306,521,25434,0.05134858850357789,0.02048439097271369
Sheldon Elementary,0,2014-15,2552,1012,41418,0.06161572263267179,0.024433821043990535
Sheldon Elementary,0,2015-16,983,446,18150,0.05415977961432507,0.024573002754820935
Sheldon Elementary,0,2016-17,1200,617,20992,0.057164634146341466,0.029392149390243903
Stege Elementary,0,2011-12,3127,1046,40300,0.07759305210918115,0.025955334987593053
Stege Elementary,0,2012-13,2614,1376,38048,0.0687026913372582,0.03616484440706476
Stege Elementary,0,2013-14,1791,991,24543,0.07297396406307298,0.0403781118852626
Stege Elementary,0,2014-15,3131,866,33866,0.09245260733479005,0.025571369515147935
Stege Elementary,0,2015-16,1210,365,14740,0.08208955223880597,0.024762550881953865
Stege Elementary,0,2016-17,1504,335,16192,0.09288537549407115,0.020689229249011856
Tara Hills Elementary,0,2011-12,3779,1104,62010,0.06094178358329302,0.01780358006773101
Tara Hills Elementary,0,2012-13,3044,1321,57072,0.053336136809643955,0.023146201289599103
Tara Hills Elementary,0,2013-14,2106,834,39123,0.053830227743271224,0.021317383636224214
Tara Hills Elementary,0,2014-15,3486,1251,54280,0.06422254974207811,0.023047162859248342
Tara Hills Elementary,0,2015-16,1706,846,22440,0.07602495543672014,0.037700534759358285
Tara Hills Elementary,0,2016-17,1915,893,25280,0.07575158227848101,0.035324367088607596
Think College Now,1,2011-12,1374,1067,38305,0.035869990862811646,0.027855371361441065
Think College Now,1,2012-13,1337,815,33836,0.039514126965362335,0.02408677148599125
Think College Now,1,2013-14,1022,653,24287,0.04208012516984395,0.026886811874665458
Think College Now,1,2014-15,1725,1068,35705,0.048312561265929144,0.02991177706203613
Think College Now,1,2015-16,958,531,16722,0.057289797871068054,0.031754574811625406
Think College Now,1,2016-17,1066,452,20033,0.053212199870214145,0.02256277142714521
Thornhill Elementary,1,2011-12,1314,862,50616,0.025960170697012803,0.017030188082819663
Thornhill Elementary,1,2012-13,1048,881,45204,0.023183789045217236,0.019489425714538537
Thornhill Elementary,1,2013-14,915,722,30865,0.029645229224040174,0.02339219180301312
Thornhill Elementary,1,2014-15,1852,995,46060,0.040208423795049936,0.021602257924446373
Thornhill Elementary,1,2015-16,886,514,22013,0.04024894380593286,0.023349838731658565
Thornhill Elementary,1,2016-17,871,535,23176,0.03758198136002761,0.023084225060407318
Valley View Elementary,0,2011-12,3017,2178,38090,0.07920714098188501,0.057180362299816226
Valley View Elementary,0,2012-13,1868,1343,30392,0.06146354303764148,0.04418926033166623
Valley View Elementary,0,2013-14,1936,1273,23004,0.08415927664753955,0.055338202051817074
Valley View Elementary,0,2014-15,3893,2300,33512,0.11616734304129864,0.06863213177369301
Valley View Elementary,0,2015-16,1882,1235,16610,0.11330523780854906,0.07435279951836243
Valley View Elementary,0,2016-17,2347,1399,18432,0.12733289930555555,0.0759006076388889
Verde Elementary,0,2011-12,2602,831,36660,0.07097654118930714,0.02266775777414075
Verde Elementary,0,2012-13,2158,761,33060,0.06527525710828797,0.023018753781004236
Verde Elementary,0,2013-14,1654,419,22275,0.07425364758698091,0.018810325476992143
Verde Elementary,0,2014-15,2157,838,34220,0.0630333138515488,0.024488603156049095
Verde Elementary,0,2015-16,1139,457,15730,0.07240940877304514,0.02905276541640178
Verde Elementary,0,2016-17,1342,441,18752,0.07156569965870307,0.02351749146757679
Washington Elementary,0,2011-12,2468,912,52130,0.0473431805102628,0.017494724726644924
Washington Elementary,0,2012-13,2651,1309,50576,0.052416165770325845,0.025881841189496994
Washington Elementary,0,2013-14,2059,937,35478,0.05803596595073003,0.026410733412255482
Washington Elementary,0,2014-15,3334,1716,50622,0.06586069297933704,0.03389830508474576
Washington Elementary,0,2015-16,1236,847,22275,0.05548821548821549,0.03802469135802469
Washington Elementary,0,2016-17,1992,1107,26752,0.07446172248803828,0.04138008373205742
Wilson Elementary,0,2011-12,3737,1870,66300,0.05636500754147813,0.028205128205128206
Wilson Elementary,0,2012-13,2767,1656,56608,0.04888001695873375,0.029253815715093272
Wilson Elementary,0,2013-14,1808,958,36693,0.049273703431172156,0.02610852206142861
Wilson Elementary,0,2014-15,2854,1645,53454,0.05339170127586336,0.030774123545478354
Wilson Elementary,0,2015-16,1301,832,23540,0.05526762956669499,0.03534409515717927
Wilson Elementary,0,2016-17,1741,986,26240,0.06634908536585366,0.03757621951219512
